﻿[
    {
        "model": 233, 
        "id": "item1", 
        "imageUrl": "images/image1-50x25.png", 
        "name": "item1 Name", 
        "desc": "item1 Description"
    }, 
    {
        "model": 234, 
        "id": "item2", 
        "imageUrl": "images/image1-50x25.png", 
        "name": "item2 Name", 
        "desc": "item2 Description."
    },
    {
        "model": 235,
        "id": "item3",
        "imageUrl": "images/image1-50x25.png",
        "name": "item3 Name",
        "desc": "item3 Description."
    },
    {
        "model": 235, 
        "id": "item4", 
        "imageUrl": "images/image1-50x25.png", 
        "name": "<no data>", 
        "desc": "itemX Description."
    },
    {
        "model": 235,
        "id": "item5",
        "imageUrl": "images/image1-50x25.png",
        "name": "<no data>",
        "desc": "itemX Description."
    },
    {
        "model": 240, 
        "id": "item6", 
        "imageUrl": "images/image1-50x25.png", 
        "name": "<no data>", 
        "desc": "itemX Description."
    },
    {
        "model": 240, 
        "id": "item7", 
        "imageUrl": "images/image1-50x25.png", 
        "name": "<no data>", 
        "desc": "itemX Description."
    },
    {
        "model": 240, 
        "id": "item8", 
        "imageUrl": "images/image1-50x25.png", 
        "name": "<no data>", 
        "desc": "itemX Description."
    },
    {
        "model": 240,
        "id": "item9",
        "imageUrl": "images/image1-50x25.png",
        "name": "<no data>",
        "desc": "itemX Description."
    },
    {
        "model": 240,
        "id": "item10",
        "imageUrl": "images/image1-50x25.png",
        "name": "<no data>",
        "desc": "itemX Description."
    },
    {
        "model": 240,
        "id": "item11",
        "imageUrl": "images/image1-50x25.png",
        "name": "<no data>",
        "desc": "itemX Description."
    },
    {
        "model": 240, 
        "id": "item12", 
        "imageUrl": "images/image1-50x25.png", 
        "name": "<no data>", 
        "desc": "itemX Description."
    }
]

